Product Name,UPC,Store,Dollars
Product3,576730797113,12,$5752.63
Product31,022705476919,12,$8440.59
Product39,577115612575,16,$2576.11
Product5,962240023270,16,$4251.25
Product21,602317401174,40,$2328.01
Product27,808662828215,40,$1564.98
Product1,672843293577,55,$8376.87
Product30,282065256654,55,$7120.24
Product10,152017009337,72,$6151.31
Product31,022705476919,72,$98.07
Product30,282065256654,80,$4784.93
Product44,263947759193,80,$4281.71
Product23,399308656375,86,$2542.42
Product37,280168771200,86,$2389.49
Product16,067024275192,87,$9268.34
Product7,619980263269,87,$2945.14
Product29,720630802981,98,$7722.35
Product44,263947759193,98,$8454.7
Product32,610207186318,99,$8451.97
Product4,054973295521,99,$7274.64
Product41,961919712214,101,$3187.83
Product47,994079427399,101,$8870.63
Product1,672843293577,105,$8833.55
Product50,970966092558,105,$2425.35
Product12,309156910760,117,$9098.61
Product29,720630802981,117,$2815.4
Product33,982721679227,118,$4308.27
Product34,681650395706,118,$5647.8
Product16,067024275192,119,$4143.89
Product2,426762991953,119,$9264.8
Product4,054973295521,125,$6915.06
Product7,619980263269,125,$3652.31
Product13,504536845436,139,$9041.71
Product2,426762991953,139,$5674.47
Product22,456694518796,143,$3157.58
Product8,483642823314,143,$6871.52
Product33,982721679227,147,$8550.63
Product47,994079427399,147,$6264.17
Product29,720630802981,153,$5131.98
Product49,625088676444,153,$3583.59
Product31,022705476919,160,$8874.43
Product4,054973295521,160,$9977.59
Product12,309156910760,172,$54.23
Product24,026275464157,172,$7798.16
Product14,960811442186,176,$4173.58
Product31,022705476919,176,$6087.5
Product34,681650395706,176,$7787.36
Product9,401673678906,176,$7778.99
Product16,067024275192,181,$9407.21
Product34,681650395706,181,$9151.59
Product42,439435119589,191,$269.43
Product46,471710588576,191,$7910.93
Product14,960811442186,213,$671.34
Product3,576730797113,213,$8532.24
Product18,583877270485,222,$1815.13
Product36,501698203349,222,$1388.18
Product46,471710588576,224,$2095.81
Product6,826830262783,224,$6373.33
Product2,426762991953,232,$2995.43
Product29,720630802981,232,$1142.87
Product5,962240023270,241,$3515.45
Product9,401673678906,241,$8162.9
Product25,712876788696,245,$4774.71
Product4,054973295521,245,$8496.68
Product40,555260290319,260,$5365.54
Product43,170569128577,260,$2674.34
Product25,712876788696,269,$4105.53
Product42,439435119589,269,$8772.06
Product10,152017009337,270,$294.83
Product43,170569128577,270,$9470.91
Product5,962240023270,300,$2105.88
Product8,483642823314,300,$6247.05
Product42,439435119589,302,$7119.25
Product9,401673678906,302,$6530.17
Product14,960811442186,303,$3596.58
Product33,982721679227,303,$2518.69
Product44,263947759193,316,$5408.99
Product45,278182441624,316,$5785.95
Product2,426762991953,352,$3465.25
Product36,501698203349,352,$624.16
Product49,625088676444,364,$591.04
Product50,970966092558,364,$1389.13
Product38,787150892300,366,$4832.15
Product45,278182441624,366,$6275.42
Product17,701139667440,372,$1628
Product21,602317401174,372,$8764.54
Product32,610207186318,372,$3565.33
Product5,962240023270,372,$8528.49
Product27,808662828215,374,$6565.4
Product9,401673678906,374,$6722.83
Product36,501698203349,382,$7596.84
Product42,439435119589,382,$988.82
Product2,426762991953,394,$971.02
Product6,826830262783,394,$8730.04
Product26,969383468339,395,$9514.53
Product31,022705476919,395,$1228.42
Product19,625705419767,396,$3464.22
Product39,577115612575,396,$3455.14
Product31,022705476919,400,$6982.83
Product49,625088676444,400,$5546.39
Product20,114232074142,403,$3427.41
Product41,961919712214,403,$5510.31
Product23,399308656375,430,$7319.68
Product32,610207186318,430,$5662.76
Product14,960811442186,445,$2611.72
Product3,576730797113,445,$9245.64
Product5,962240023270,445,$9633.17
Product9,401673678906,445,$7204.09
Product12,309156910760,452,$5220.24
Product20,114232074142,452,$9725.16
Product47,994079427399,459,$6680
Product6,826830262783,459,$7876.57
Product12,309156910760,460,$3723.9
Product7,619980263269,460,$2770.34
Product38,787150892300,489,$5420.97
Product4,054973295521,489,$7374.24
Product1,672843293577,499,$4243.03
Product36,501698203349,499,$9261.69
Product27,808662828215,529,$1017.29
Product8,483642823314,529,$4654.15
Product34,681650395706,534,$8095.98
Product9,401673678906,534,$8197.75
Product10,152017009337,539,$2743.94
Product28,432483932364,539,$8847.17
Product12,309156910760,541,$9865.89
Product8,483642823314,541,$6578.85
Product42,439435119589,571,$9361.31
Product6,826830262783,571,$6832.46
Product23,399308656375,575,$1059.07
Product41,961919712214,575,$8096.97
Product16,067024275192,576,$3422.75
Product22,456694518796,576,$9291.96
Product11,740390785655,577,$6825.74
Product23,399308656375,577,$7794.19
Product27,808662828215,577,$2050.27
Product31,022705476919,577,$9292.93
Product16,067024275192,582,$7927.18
Product36,501698203349,582,$3554.59
Product17,701139667440,586,$1927.52
Product46,471710588576,586,$2530.22
Product34,681650395706,589,$603.53
Product40,555260290319,589,$1870.02
Product1,672843293577,595,$3983.26
Product27,808662828215,595,$2013.01
Product12,309156910760,599,$6082.91
Product21,602317401174,599,$3867.39
Product19,625705419767,607,$980.26
Product26,969383468339,607,$595.77
Product1,672843293577,611,$2698.59
Product44,263947759193,611,$9735.08
Product26,969383468339,614,$3408.94
Product48,947877706050,614,$3284.43
Product31,022705476919,622,$5009.22
Product37,280168771200,622,$4088.22
Product25,712876788696,628,$3814.73
Product42,439435119589,628,$4845.43
Product10,152017009337,632,$2755.66
Product11,740390785655,632,$6124.69
Product42,439435119589,639,$8700.2
Product5,962240023270,639,$2044.84
Product25,712876788696,649,$2191.78
Product38,787150892300,649,$7287.97
Product38,787150892300,654,$9014.69
Product47,994079427399,654,$2368.97
Product33,982721679227,669,$9053.1
Product42,439435119589,669,$8007.4
Product26,969383468339,675,$7472.7
Product50,970966092558,675,$644.91
Product36,501698203349,685,$3408.78
Product41,961919712214,685,$1687.63
Product22,456694518796,692,$9195.34
Product16,067024275192,719,$6094.82
Product36,501698203349,719,$6828.9
Product34,681650395706,733,$8791.54
Product45,278182441624,733,$8711.7
Product34,681650395706,741,$2667.45
Product46,471710588576,741,$9034.17
Product37,280168771200,758,$2688.79
Product40,555260290319,758,$7665.83
Product10,152017009337,760,$9636.24
Product26,969383468339,760,$7772.42
Product26,969383468339,779,$6679.51
Product4,054973295521,779,$3818.12
Product34,681650395706,792,$6886.99
Product36,501698203349,792,$2846.96
Product2,426762991953,799,$1316.45
Product25,712876788696,799,$5933.87
Product25,712876788696,808,$7026.05
Product26,969383468339,808,$7118.92
Product15,204925440499,816,$1313.15
Product25,712876788696,816,$3947.75
Product23,399308656375,821,$7995.41
Product26,969383468339,821,$6304.98
Product26,969383468339,827,$3958.69
Product33,982721679227,827,$7469.79
Product2,426762991953,838,$4698.05
Product46,471710588576,838,$2035.7
Product12,309156910760,857,$5768.96
Product45,278182441624,857,$2536.69
Product21,602317401174,865,$2707.97
Product32,610207186318,865,$1726.1
Product41,961919712214,865,$4639.25
Product43,170569128577,865,$3390.16
Product27,808662828215,886,$2051.69
Product50,970966092558,886,$7720.25
Product19,625705419767,914,$3269.95
Product25,712876788696,914,$4206.71
Product13,504536845436,949,$9920
Product43,170569128577,949,$6649.52
Product25,712876788696,956,$9803.23
Product6,826830262783,956,$6692.45
Product3,576730797113,962,$4310.98
Product32,610207186318,962,$990.65
Product33,982721679227,962,$4176.68
Product37,280168771200,962,$5166.52
Product22,456694518796,971,$7448.23
Product38,787150892300,971,$5970.39
Product1,672843293577,977,$3576.09
Product22,456694518796,977,$3185.07
Product26,969383468339,1035,$561.84
Product49,625088676444,1035,$2920.04
Product38,787150892300,1046,$1439.75
Product47,994079427399,1046,$8044.62
Product13,504536845436,1047,$1608
Product18,583877270485,1047,$2245.54
Product10,152017009337,1061,$9357.28
Product30,282065256654,1061,$3298.13
Product50,970966092558,1084,$2814.1
Product7,619980263269,1084,$6648
Product12,309156910760,1094,$6103.13
Product16,067024275192,1094,$4656.53
Product25,712876788696,1098,$6183.18
Product38,787150892300,1098,$38.43
Product20,114232074142,1102,$1660.21
Product34,681650395706,1102,$1530.82
Product43,170569128577,1116,$6924.4
Product8,483642823314,1116,$4897.56
Product14,960811442186,1133,$5139.82
Product28,432483932364,1133,$8630.36
Product42,439435119589,1190,$6029.47
Product6,826830262783,1190,$6662.91
Product30,282065256654,1203,$6674.62
Product50,970966092558,1203,$8463.7
Product30,282065256654,1215,$7707.61
Product4,054973295521,1215,$6613.91
Product36,501698203349,1221,$8965.19
Product41,961919712214,1221,$3186.38
Product20,114232074142,1222,$5701.92
Product49,625088676444,1222,$7103.81
Product32,610207186318,1227,$751.27
Product35,271300728073,1227,$5358.38
Product25,712876788696,1236,$2670.83
Product50,970966092558,1236,$4619.12
Product17,701139667440,1239,$2340.85
Product22,456694518796,1239,$3844.25
Product3,576730797113,1248,$4490.4
Product49,625088676444,1248,$8880.44
Product23,399308656375,1269,$371.26
Product30,282065256654,1269,$3814.54
Product29,720630802981,1270,$4040.35
Product41,961919712214,1270,$4997.37
Product17,701139667440,1275,$4015.44
Product29,720630802981,1275,$3590.24
Product31,022705476919,1275,$4535.56
Product7,619980263269,1275,$811.16
Product2,426762991953,1278,$1357.98
Product49,625088676444,1278,$2935.67
Product34,681650395706,1285,$5523.28
Product7,619980263269,1285,$8232.01
Product41,961919712214,1302,$3279.8
Product45,278182441624,1302,$1549.81
Product40,555260290319,1308,$3194.6
Product7,619980263269,1308,$5730.67
Product31,022705476919,1312,$2906.15
Product46,471710588576,1312,$2542.92
Product2,426762991953,1333,$509.97
Product20,114232074142,1333,$8345.16
Product46,471710588576,1351,$874.03
Product50,970966092558,1351,$9832.44
Product36,501698203349,1394,$905.99
Product6,826830262783,1394,$5440.45
Product32,610207186318,1405,$264.08
Product47,994079427399,1405,$6357.35
Product20,114232074142,1420,$403.74
Product41,961919712214,1420,$8556.81
Product37,280168771200,1425,$2782.28
Product47,994079427399,1425,$7006.88
Product13,504536845436,1444,$6087.84
Product32,610207186318,1444,$8882.28
Product35,271300728073,1467,$9884.7
Product38,787150892300,1467,$4926.03
Product23,399308656375,1468,$7829.9
Product25,712876788696,1468,$5945.98
Product29,720630802981,1469,$573.75
Product4,054973295521,1469,$1692.81
Product35,271300728073,1473,$9703.09
Product47,994079427399,1473,$7705.81
Product11,740390785655,1479,$7142.81
Product16,067024275192,1479,$3612.6
Product1,672843293577,1492,$7029.05
Product49,625088676444,1492,$7535.32
Product23,399308656375,1510,$612.21
Product26,969383468339,1510,$5746.3
Product26,969383468339,1517,$3872.59
Product5,962240023270,1517,$6719.93
Product12,309156910760,1522,$7345.8
Product44,263947759193,1522,$9694.16
Product4,054973295521,1528,$8482.32
Product8,483642823314,1528,$9615.48
Product27,808662828215,1546,$4497.79
Product43,170569128577,1546,$9376.98
Product1,672843293577,1554,$8022.67
Product16,067024275192,1554,$2434.31
Product23,399308656375,1565,$2262.15
Product47,994079427399,1565,$8420.5
Product16,067024275192,1570,$8487.51
Product23,399308656375,1570,$2678.21
Product1,672843293577,1575,$15424.33
Product20,114232074142,1582,$4559.66
Product33,982721679227,1582,$5294.65
Product18,583877270485,1595,$3004.08
Product44,263947759193,1595,$7252.21
Product2,426762991953,1608,$7793.05
Product50,970966092558,1608,$4886.76
Product41,961919712214,1614,$7927.88
Product8,483642823314,1614,$2726.67
Product17,701139667440,1621,$7953.79
Product47,994079427399,1621,$4481.92
Product49,625088676444,1633,$4194.54
Product8,483642823314,1633,$5395.53
Product13,504536845436,1673,$1826.56
Product46,471710588576,1673,$1055.41
Product18,583877270485,1691,$2546.62
Product48,947877706050,1691,$6240.3
Product3,576730797113,1700,$4289.52
Product30,282065256654,1700,$6807.07
Product36,501698203349,1703,$3182.94
Product8,483642823314,1703,$8327.18
Product28,432483932364,1777,$2059.65
Product42,439435119589,1777,$8593.4
Product17,701139667440,1795,$5140.42
Product27,808662828215,1795,$1432.8
Product2,426762991953,1802,$1449.78
Product4,054973295521,1802,$2399.63
Product2,426762991953,1808,$4830.66
Product27,808662828215,1808,$5199.03
Product25,712876788696,1845,$4972.55
Product47,994079427399,1845,$5892.33
Product33,982721679227,1847,$4468.82
Product41,961919712214,1847,$3655.49
Product31,022705476919,1867,$3805.26
Product47,994079427399,1867,$3199.46
Product11,740390785655,1881,$8958.17
Product35,271300728073,1881,$5698.76
Product35,271300728073,1884,$8038.32
Product6,826830262783,1884,$7442.02
Product45,278182441624,1885,$3244.66
Product50,970966092558,1885,$318.25
Product3,576730797113,1892,$3722.38
Product6,826830262783,1892,$7022.32
Product1,672843293577,1899,$3622.49
Product10,152017009337,1899,$5975.97
Product1,672843293577,1901,$6442.62
Product16,067024275192,1901,$3356.31
Product32,610207186318,1909,$1157.68
Product47,994079427399,1909,$4407.25
Product34,681650395706,1916,$7295.58
Product50,970966092558,1916,$9315.31
Product13,504536845436,1925,$3050.03
Product28,432483932364,1925,$7586.34
Product23,399308656375,1926,$6128.69
Product32,610207186318,1926,$7818.22
Product38,787150892300,1942,$9527.51
Product8,483642823314,1942,$8309.35
Product12,309156910760,1946,$3604.47
Product35,271300728073,1946,$3623.79
Product49,625088676444,1952,$6559.31
Product9,401673678906,1952,$6602.36
Product20,114232074142,1959,$2900.56
Product23,399308656375,1959,$1983.2
Product16,067024275192,1967,$3646.89
Product2,426762991953,1967,$9160.5
Product21,602317401174,1975,$8059.76
Product46,471710588576,1975,$6022.75
Product8,483642823314,1981,$9098.88
Product9,401673678906,1981,$4676.37
Product41,961919712214,2000,$59.09
Product48,947877706050,2000,$6133.03
Product20,114232074142,2003,$3460.12
Product6,826830262783,2003,$8740.62
Product12,309156910760,2016,$7690.4
Product22,456694518796,2016,$4949.68
Product22,456694518796,2026,$2764.07
Product25,712876788696,2026,$3591.23
Product39,577115612575,2033,$2643.93
Product47,994079427399,2033,$7126.33
Product2,426762991953,2041,$8366.9
Product44,263947759193,2041,$9841.24
Product17,701139667440,2043,$4388.49
Product37,280168771200,2043,$6019.55
Product14,960811442186,2046,$4932.53
Product8,483642823314,2046,$3318.43
Product15,204925440499,2055,$1345.64
Product26,969383468339,2055,$9953.17
Product44,263947759193,2058,$5520.68
Product5,962240023270,2058,$2487.41
Product19,625705419767,2074,$6904.73
Product20,114232074142,2074,$2131.9
Product11,740390785655,2084,$2609.83
Product25,712876788696,2084,$715.47
Product11,740390785655,2087,$1780.75
Product20,114232074142,2087,$3907.73
Product48,947877706050,2087,$174.17
Product7,619980263269,2087,$425.18
Product23,399308656375,2093,$6273.74
Product41,961919712214,2093,$3343.15
Product17,701139667440,2096,$176.78
Product44,263947759193,2096,$7910.03
Product10,152017009337,2100,$3845.02
Product26,969383468339,2100,$3779.35
Product37,280168771200,2100,$7724.24
Product48,947877706050,2100,$4728
Product34,681650395706,2101,$9600.39
Product46,471710588576,2101,$9361.75
Product23,399308656375,2106,$8162.25
Product6,826830262783,2106,$1017.97
Product25,712876788696,2111,$2368.46
Product30,282065256654,2111,$374.22
Product17,701139667440,2137,$8570.04
Product20,114232074142,2137,$1360.86
Product17,701139667440,2141,$2298.63
Product9,401673678906,2141,$2816.15
Product11,740390785655,2143,$2541.92
Product49,625088676444,2143,$2280.79
Product14,960811442186,2144,$3392.58
Product9,401673678906,2144,$96.89
Product34,681650395706,2162,$4106.05
Product50,970966092558,2162,$5208.78
Product17,701139667440,2179,$6021.38
Product20,114232074142,2179,$6541.28
Product14,960811442186,2239,$6482.75
Product19,625705419767,2239,$3090.35
Product27,808662828215,2240,$6214.27
Product47,994079427399,2240,$3727.59
Product1,672843293577,2265,$9991.66
Product15,204925440499,2265,$1260.94
Product27,808662828215,2290,$1161.12
Product39,577115612575,2290,$1936.42
Product35,271300728073,2297,$2715.57
Product44,263947759193,2297,$2587.15
Product33,982721679227,2299,$2817.66
Product41,961919712214,2299,$3726.93
Product38,787150892300,2302,$5189.62
Product4,054973295521,2302,$6582.3
Product14,960811442186,2303,$5365.53
Product2,426762991953,2303,$8338.95
Product4,054973295521,2310,$4983.33
Product7,619980263269,2310,$4633.51
Product34,681650395706,2315,$8330.41
Product6,826830262783,2315,$8703.12
Product37,280168771200,2316,$2268.43
Product50,970966092558,2316,$7543.47
Product3,576730797113,2321,$4349
Product4,054973295521,2321,$8876.55
Product28,432483932364,2338,$8754.7
Product31,022705476919,2338,$1594.76
Product11,740390785655,2339,$6479.69
Product33,982721679227,2339,$7703.57
Product40,555260290319,2343,$7128.65
Product50,970966092558,2343,$5852.36
Product26,969383468339,2344,$7909.09
Product5,962240023270,2344,$6529.05
Product47,994079427399,2356,$6136.54
Product9,401673678906,2356,$44.24
Product15,204925440499,2358,$6164.08
Product38,787150892300,2358,$5581.51
Product37,280168771200,2371,$4578.05
Product47,994079427399,2371,$3659.85
Product18,583877270485,2375,$2005.64
Product41,961919712214,2375,$8607.45
Product48,947877706050,2384,$1324.7
Product49,625088676444,2384,$1707.77
Product17,701139667440,2407,$4175.66
Product47,994079427399,2407,$7208.64
Product13,504536845436,2410,$7237.04
Product22,456694518796,2410,$7364.32
Product39,577115612575,2455,$3641.88
Product45,278182441624,2455,$7164.87
Product2,426762991953,2467,$3536.74
Product34,681650395706,2467,$1294.12
Product38,787150892300,2467,$9311.45
Product44,263947759193,2467,$4713.01
Product28,432483932364,2474,$4998.4
Product32,610207186318,2474,$6510.8
Product18,583877270485,2475,$3977.32
Product43,170569128577,2475,$9598.87
Product10,152017009337,2489,$8715.95
Product14,960811442186,2489,$9903.49
Product2,426762991953,2490,$8590.78
Product5,962240023270,2490,$4615.92
Product22,456694518796,2496,$314.21
Product34,681650395706,2496,$1297.46
Product20,114232074142,2503,$5054.13
Product45,278182441624,2503,$8759.57
Product38,787150892300,2515,$8437.3
Product4,054973295521,2515,$2937.85
Product29,720630802981,2522,$7646.85
Product3,576730797113,2522,$8507.54
Product21,602317401174,2532,$1841.04
Product25,712876788696,2532,$8933.93
Product11,740390785655,2545,$8220.73
Product16,067024275192,2545,$4774.21
Product20,114232074142,2551,$6845.46
Product8,483642823314,2551,$4392.73
Product2,426762991953,2556,$4224.24
Product6,826830262783,2556,$6019.4
Product29,720630802981,2576,$7532.21
Product48,947877706050,2576,$3504.26
Product45,278182441624,2592,$1523.73
Product50,970966092558,2592,$3188.07
Product19,625705419767,2597,$2610.32
Product31,022705476919,2597,$9250.41
Product35,271300728073,2601,$84.34
Product46,471710588576,2601,$575.32
Product22,456694518796,2603,$8693.12
Product30,282065256654,2603,$6948
Product22,456694518796,2604,$4540.4
Product25,712876788696,2604,$8288.84
Product15,204925440499,2605,$9190.39
Product28,432483932364,2605,$4897.02
Product18,583877270485,2667,$9148.41
Product42,439435119589,2667,$5256.97
Product30,282065256654,2674,$527.06
Product36,501698203349,2674,$8809.79
Product40,555260290319,2691,$9013.45
Product43,170569128577,2691,$7971.51
Product37,280168771200,2703,$215.91
Product46,471710588576,2703,$8760.42
Product1,672843293577,2717,$1824.39
Product33,982721679227,2717,$6277.57
Product2,426762991953,2720,$6800.9
Product50,970966092558,2720,$7508.01
Product26,969383468339,2726,$4969.49
Product35,271300728073,2726,$7730.88
Product35,271300728073,2727,$8819.69
Product41,961919712214,2727,$6632.72
Product24,026275464157,2736,$1616.99
Product27,808662828215,2736,$652.72
Product37,280168771200,2737,$147.97
Product46,471710588576,2737,$3972.51
Product14,960811442186,2760,$9185.63
Product49,625088676444,2760,$4387.05
Product17,701139667440,2768,$4173.19
Product29,720630802981,2768,$3749.14
Product19,625705419767,2769,$983.93
Product28,432483932364,2769,$6126.36
Product13,504536845436,2772,$5007.43
Product22,456694518796,2772,$3473.48
Product17,701139667440,2794,$5395.33
Product39,577115612575,2794,$9640.09
Product50,970966092558,2794,$3322.13
Product8,483642823314,2794,$8162.01
Product25,712876788696,2799,$7134.41
Product42,439435119589,2799,$7220.74
Product13,504536845436,2802,$3158.41
Product32,610207186318,2802,$9682.96
Product47,994079427399,2807,$3676.99
Product9,401673678906,2807,$2674.73
Product13,504536845436,2820,$2994.89
Product17,701139667440,2820,$1305.4
Product18,583877270485,2823,$8721.89
Product48,947877706050,2823,$1727.01
Product22,456694518796,2831,$3540.87
Product24,026275464157,2831,$8919.75
Product47,994079427399,2833,$6874.08
Product7,619980263269,2833,$3076.61
Product42,439435119589,2836,$9384.72
Product47,994079427399,2836,$7949.32
Product23,399308656375,2843,$6921.29
Product46,471710588576,2843,$6727.62
Product35,271300728073,2847,$9031.32
Product50,970966092558,2847,$4240.47
Product2,426762991953,2881,$1267.86
Product20,114232074142,2881,$6013.19
Product49,625088676444,2881,$2476.64
Product6,826830262783,2881,$7456.88
Product31,022705476919,2886,$2245.49
Product39,577115612575,2886,$7869.55
Product11,740390785655,2891,$1980.57
Product13,504536845436,2891,$1052.5
Product1,672843293577,2905,$5495.03
Product20,114232074142,2905,$9292.07
Product18,583877270485,2918,$110.39
Product22,456694518796,2918,$7966.59
Product24,026275464157,2924,$6332.48
Product29,720630802981,2924,$9513.38
Product1,672843293577,2943,$4520.63
Product21,602317401174,2943,$1805.67
Product45,278182441624,2946,$9570.7
Product48,947877706050,2946,$398.34
Product22,456694518796,2961,$668.06
Product41,961919712214,2961,$8050.82
Product15,204925440499,2967,$908.29
Product23,399308656375,2967,$6816.91
Product24,026275464157,2980,$7849.83
Product28,432483932364,2980,$5511.03
Product14,960811442186,2991,$3733.94
Product4,054973295521,2991,$5053.15
Product10,152017009337,3005,$1581.99
Product25,712876788696,3005,$8174.34
Product13,504536845436,3008,$5090.73
Product16,067024275192,3008,$2643.58
Product22,456694518796,3017,$4901.78
Product24,026275464157,3017,$2887.81
Product1,672843293577,3020,$4402.91
Product40,555260290319,3020,$4438.43
Product25,712876788696,3029,$3526.09
Product41,961919712214,3029,$277.35
Product13,504536845436,3034,$9427.8
Product8,483642823314,3034,$7781.04
Product11,740390785655,3072,$1021.33
Product35,271300728073,3072,$9688.21
Product18,583877270485,3081,$9246.33
Product36,501698203349,3081,$5054.65
Product22,456694518796,3093,$193.72
Product45,278182441624,3093,$3554.61
Product16,067024275192,3105,$7807.14
Product36,501698203349,3105,$8896.31
Product13,504536845436,3110,$562.59
Product6,826830262783,3110,$6872.16
Product19,625705419767,3122,$3788.75
Product26,969383468339,3122,$5437.04
Product38,787150892300,3123,$9517.4
Product8,483642823314,3123,$8230.54
Product45,278182441624,3128,$591.64
Product48,947877706050,3128,$8100.62
Product40,555260290319,3141,$3075.45
Product42,439435119589,3141,$6773.12
Product15,204925440499,3144,$8879.54
Product21,602317401174,3144,$5887.62
Product24,026275464157,3144,$169.87
Product37,280168771200,3144,$1642.61
Product39,577115612575,3147,$5499.87
Product40,555260290319,3147,$4893.48
Product11,740390785655,3149,$4423.2
Product48,947877706050,3149,$5700.9
Product21,602317401174,3165,$1427.42
Product31,022705476919,3165,$1320.88
Product38,787150892300,3174,$5317.22
Product47,994079427399,3174,$6375.6
Product46,471710588576,3177,$5840.72
Product50,970966092558,3177,$3890.89
Product17,701139667440,3193,$5602.52
Product48,947877706050,3193,$2383.81
Product12,309156910760,3207,$896.72
Product34,681650395706,3207,$4869.92
Product14,960811442186,3216,$6279.66
Product48,947877706050,3216,$9456.13
Product45,278182441624,3217,$14326.84
Product27,808662828215,3230,$3874.58
Product3,576730797113,3230,$1708.41
Product23,399308656375,3253,$8776.48
Product37,280168771200,3253,$6321.46
Product11,740390785655,3267,$6202.83
Product22,456694518796,3267,$1591.64
Product12,309156910760,3291,$2541.29
Product26,969383468339,3291,$8358.23
Product27,808662828215,3293,$4392.92
Product45,278182441624,3293,$8849.74
Product10,152017009337,3295,$2656.95
Product25,712876788696,3295,$7166.22
Product27,808662828215,3310,$4349.29
Product28,432483932364,3310,$6280.68
Product1,672843293577,3311,$9840.97
Product2,426762991953,3311,$6245.97
Product1,672843293577,3313,$1032.62
Product43,170569128577,3313,$219.38
Product33,982721679227,3323,$8243.17
Product38,787150892300,3323,$5304
Product29,720630802981,3332,$4718.6
Product33,982721679227,3332,$7546.04
Product12,309156910760,3377,$3114.62
Product8,483642823314,3377,$2978.3
Product27,808662828215,3385,$4079.38
Product9,401673678906,3385,$992.32
Product18,583877270485,3386,$3094.44
Product33,982721679227,3386,$700.17
Product25,712876788696,3389,$2579.75
Product46,471710588576,3389,$7474.16
Product27,808662828215,3395,$8887.94
Product40,555260290319,3395,$3237.47
Product34,681650395706,3404,$4546.68
Product50,970966092558,3404,$9416.25
Product20,114232074142,3406,$2899.37
Product25,712876788696,3406,$6334.15
Product5,962240023270,3416,$5913.75
Product9,401673678906,3416,$9618.97
Product26,969383468339,3425,$4872.41
Product4,054973295521,3425,$4414.56
Product26,969383468339,3427,$3802.1
Product35,271300728073,3427,$6290.01
Product15,204925440499,3435,$5707.92
Product37,280168771200,3435,$5437.89
Product19,625705419767,3437,$6248.76
Product5,962240023270,3437,$4154.75
Product47,994079427399,3451,$9804.87
Product48,947877706050,3451,$8415.88
Product19,625705419767,3452,$4613.14
Product37,280168771200,3452,$6563.02
Product4,054973295521,3454,$8463.45
Product48,947877706050,3454,$3316.54
Product40,555260290319,3478,$6678.32
Product47,994079427399,3478,$6873.68
Product13,504536845436,3509,$2414.21
Product18,583877270485,3509,$8077.86
Product17,701139667440,3517,$5390.56
Product3,576730797113,3517,$5151.29
Product13,504536845436,3528,$7862.64
Product24,026275464157,3528,$6744.99
Product11,740390785655,3538,$7589.11
Product34,681650395706,3538,$6829.54
Product10,152017009337,3539,$4387.63
Product2,426762991953,3539,$1595.45
Product16,067024275192,3553,$4624.59
Product23,399308656375,3553,$4443.95
Product3,576730797113,3561,$7425.44
Product50,970966092558,3561,$4666.32
Product11,740390785655,3591,$8651.19
Product36,501698203349,3591,$1290.77
Product15,204925440499,3595,$6905.83
Product44,263947759193,3595,$4600.05
Product3,576730797113,3598,$1327.4
Product38,787150892300,3598,$6693.05
Product29,720630802981,3599,$6553.02
Product5,962240023270,3599,$3453.46
Product31,022705476919,3607,$5544.67
Product4,054973295521,3607,$2761.32
Product17,701139667440,3611,$2056.24
Product6,826830262783,3611,$2522.72
Product16,067024275192,3628,$9425.4
Product32,610207186318,3628,$218.61
Product22,456694518796,3646,$5982.67
Product24,026275464157,3646,$9448.73
Product1,672843293577,3647,$151.35
Product24,026275464157,3647,$8536.42
Product25,712876788696,3649,$7601.37
Product42,439435119589,3649,$7422.46
Product2,426762991953,3651,$231.18
Product35,271300728073,3651,$9427.55
Product19,625705419767,3657,$5815.3
Product46,471710588576,3657,$8204.48
Product10,152017009337,3671,$4318.32
Product8,483642823314,3671,$2083.07
Product12,309156910760,3690,$7771.75
Product6,826830262783,3690,$3397.44
Product28,432483932364,3710,$3971.95
Product44,263947759193,3710,$1523.21
Product28,432483932364,3712,$6925.96
Product31,022705476919,3712,$3214.98
Product42,439435119589,3713,$5930.56
Product50,970966092558,3713,$707.79
Product17,701139667440,3719,$458.81
Product46,471710588576,3719,$4123.31
Product20,114232074142,3728,$9200.52
Product50,970966092558,3728,$9132.88
Product20,114232074142,3748,$6232.61
Product35,271300728073,3748,$5084.96
Product32,610207186318,3751,$9951.95
Product40,555260290319,3751,$9092.73
Product14,960811442186,3757,$2351.29
Product18,583877270485,3757,$9745.85
Product35,271300728073,3763,$9.1
Product37,280168771200,3763,$9571.48
Product32,610207186318,3785,$4008.07
Product34,681650395706,3785,$9211.19
Product21,602317401174,3796,$8776.3
Product8,483642823314,3796,$2014.14
Product11,740390785655,3807,$2150.43
Product21,602317401174,3807,$5941.07
Product32,610207186318,3807,$3575.63
Product39,577115612575,3807,$4785.48
Product19,625705419767,3813,$7310.19
Product26,969383468339,3813,$1437.9
Product34,681650395706,3813,$7632.06
Product4,054973295521,3813,$8682.61
Product44,263947759193,3813,$6153.58
Product8,483642823314,3813,$7307.58
Product1,672843293577,3818,$716.93
Product25,712876788696,3818,$2938.33
Product17,701139667440,3822,$1852.04
Product44,263947759193,3822,$6343.04
Product11,740390785655,3831,$584.55
Product32,610207186318,3831,$9131.98
Product13,504536845436,3836,$8605.6
Product44,263947759193,3836,$3345.74
Product40,555260290319,3842,$3336.65
Product8,483642823314,3842,$2669.86
Product20,114232074142,3846,$7676.83
Product33,982721679227,3846,$8716.62
Product23,399308656375,3847,$8505.62
Product33,982721679227,3847,$5960.65
Product14,960811442186,3848,$8100.37
Product16,067024275192,3848,$9047.75
Product19,625705419767,3858,$4961.59
Product20,114232074142,3858,$9034.7
Product24,026275464157,3858,$12069.12
Product26,969383468339,3858,$9608.86
Product21,602317401174,3876,$789.72
Product28,432483932364,3876,$3583.12
Product20,114232074142,3883,$6337.21
Product33,982721679227,3883,$6488.27
Product19,625705419767,3889,$631.11
Product34,681650395706,3889,$4199.77
Product24,026275464157,3890,$5219.95
Product43,170569128577,3890,$9568.35
Product26,969383468339,3894,$3038.89
Product28,432483932364,3894,$7885.05
Product13,504536845436,3952,$8641.45
Product35,271300728073,3952,$9982.64
Product41,961919712214,3959,$5486.94
Product7,619980263269,3959,$7285.33
Product36,501698203349,3978,$8647.66
Product5,962240023270,3978,$7101.37
Product25,712876788696,3986,$6454.4
Product44,263947759193,3986,$7438.25
Product26,969383468339,3994,$2248.42
Product28,432483932364,3994,$3187.53
Product23,399308656375,4006,$552.77
Product27,808662828215,4006,$7343.12
Product32,610207186318,4006,$8672.75
Product9,401673678906,4006,$6609.76
Product33,982721679227,4008,$4817.55
Product50,970966092558,4008,$6754.96
Product15,204925440499,4010,$2206.14
Product20,114232074142,4010,$431.38
Product15,204925440499,4030,$4301.93
Product47,994079427399,4030,$7715.96
Product16,067024275192,4037,$3113.9
Product44,263947759193,4037,$8662.09
Product2,426762991953,4062,$7334.54
Product38,787150892300,4062,$9507.7
Product17,701139667440,4073,$6741.03
Product18,583877270485,4073,$8273.25
Product13,504536845436,4076,$1433.9
Product22,456694518796,4076,$7926.15
Product2,426762991953,4105,$7397.6
Product29,720630802981,4105,$6388.49
Product37,280168771200,4124,$1961.92
Product43,170569128577,4124,$2840.98
Product26,969383468339,4130,$925.95
Product30,282065256654,4130,$9523.43
Product33,982721679227,4136,$315.93
Product50,970966092558,4136,$284.78
Product31,022705476919,4137,$309.53
Product7,619980263269,4137,$3918.89
Product15,204925440499,4154,$3316.28
Product23,399308656375,4154,$549.39
Product19,625705419767,4182,$12454.03
Product36,501698203349,4182,$9966.4
Product45,278182441624,4182,$2545.46
Product13,504536845436,4185,$639.67
Product49,625088676444,4185,$5163.93
Product13,504536845436,4192,$1525.71
Product39,577115612575,4192,$5307.97
Product22,456694518796,4200,$3946.46
Product35,271300728073,4200,$5008.98
Product3,576730797113,4213,$3801.53
Product33,982721679227,4213,$8926.85
Product14,960811442186,4250,$6326.13
Product16,067024275192,4250,$8879.86
Product15,204925440499,4257,$5463.32
Product49,625088676444,4257,$7296.56
Product45,278182441624,4267,$44.64
Product49,625088676444,4267,$809.36
Product17,701139667440,4285,$928.11
Product25,712876788696,4285,$8987.36
Product30,282065256654,4305,$3528.42
Product45,278182441624,4305,$9173.26
Product43,170569128577,4311,$5448.53
Product7,619980263269,4311,$3501.4
Product44,263947759193,4317,$4621.58
Product50,970966092558,4317,$817.73
Product38,787150892300,4323,$5190.18
Product8,483642823314,4323,$3136.66
Product3,576730797113,4326,$9291.37
Product42,439435119589,4326,$1764.69
Product16,067024275192,4335,$9865.2
Product25,712876788696,4335,$4619.56
Product28,432483932364,4335,$2707.1
Product47,994079427399,4335,$327.34
Product20,114232074142,4341,$11041
Product27,808662828215,4343,$306.26
Product8,483642823314,4343,$5587.81
Product4,054973295521,4344,$598.36
Product44,263947759193,4344,$258.12
Product29,720630802981,4348,$3023.89
Product43,170569128577,4348,$4006.05
Product25,712876788696,4350,$1270.66
Product4,054973295521,4350,$5635.27
Product16,067024275192,4352,$6760.73
Product28,432483932364,4352,$5453.28
Product15,204925440499,4371,$881.63
Product2,426762991953,4371,$2001.45
Product28,432483932364,4371,$3497.97
Product45,278182441624,4371,$1682.96
Product35,271300728073,4372,$9462.78
Product36,501698203349,4372,$4429.54
Product11,740390785655,4379,$2696.6
Product39,577115612575,4379,$7191.02
Product40,555260290319,4385,$4090.42
Product8,483642823314,4385,$9779.3
Product11,740390785655,4425,$8916.94
Product16,067024275192,4425,$3509.52
Product48,947877706050,4425,$2428.86
Product5,962240023270,4425,$5060.68
Product9,401673678906,4425,$88.67
Product25,712876788696,4426,$7801.58
Product44,263947759193,4426,$9857.56
Product12,309156910760,4429,$914.49
Product23,399308656375,4429,$5957.95
Product19,625705419767,4434,$2221.07
Product31,022705476919,4434,$3114.53
Product34,681650395706,4464,$7545.98
Product37,280168771200,4464,$5769.74
Product15,204925440499,4469,$7062.81
Product39,577115612575,4469,$6247.96
Product13,504536845436,4470,$7135.09
Product15,204925440499,4470,$9212.56
Product35,271300728073,4481,$9155.42
Product42,439435119589,4481,$4879.37
Product22,456694518796,4482,$4037.57
Product28,432483932364,4482,$8032.91
Product42,439435119589,4488,$8024.96
Product6,826830262783,4488,$2557.01
Product18,583877270485,4503,$89.02
Product20,114232074142,4503,$435.54
Product22,456694518796,4503,$7265.38
Product50,970966092558,4503,$5777.78
Product38,787150892300,4519,$4509.24
Product48,947877706050,4519,$818.3
Product22,456694518796,4531,$2831.41
Product6,826830262783,4531,$8569.45
Product41,961919712214,4540,$8981.36
Product45,278182441624,4540,$407.7
Product31,022705476919,4555,$8231.2
Product7,619980263269,4555,$7959.56
Product39,577115612575,4578,$10796.19
Product11,740390785655,4583,$4178.43
Product50,970966092558,4583,$1498.19
Product20,114232074142,4585,$191.31
Product45,278182441624,4585,$9308.06
Product15,204925440499,4625,$7267.53
Product8,483642823314,4625,$5286.58
Product28,432483932364,4646,$3469.68
Product42,439435119589,4646,$7327.52
Product31,022705476919,4661,$1798.06
Product46,471710588576,4661,$6645.89
Product26,969383468339,4666,$1541.97
Product28,432483932364,4666,$4248.93
Product4,054973295521,4667,$2904.73
Product48,947877706050,4667,$3938.69
Product42,439435119589,4673,$1082.39
Product46,471710588576,4673,$9132.85
Product18,583877270485,4680,$8727.36
Product20,114232074142,4680,$4219.28
Product34,681650395706,4680,$3643.4
Product40,555260290319,4680,$336.72
Product20,114232074142,4695,$3533.57
Product3,576730797113,4695,$9139.82
Product11,740390785655,4696,$5964.63
Product18,583877270485,4696,$6799.84
Product11,740390785655,4702,$1996.73
Product35,271300728073,4702,$4818.67
Product15,204925440499,4703,$8480.93
Product4,054973295521,4703,$7190.46
Product2,426762991953,4721,$2750.51
Product8,483642823314,4721,$5627.92
Product32,610207186318,4731,$1948.18
Product34,681650395706,4731,$4065.54
Product2,426762991953,4735,$6615.4
Product29,720630802981,4735,$665.06
Product31,022705476919,4741,$5783.11
Product38,787150892300,4741,$6962.86
Product21,602317401174,4755,$2569.42
Product34,681650395706,4755,$6827.53
Product14,960811442186,4764,$3493.11
Product19,625705419767,4764,$8483.55
Product16,067024275192,4765,$7920.94
Product27,808662828215,4765,$4379.33
Product18,583877270485,4766,$5518.37
Product34,681650395706,4766,$5043.72
Product46,471710588576,4769,$344.39
Product9,401673678906,4769,$8866.96
Product40,555260290319,4772,$1160.22
Product43,170569128577,4772,$5000.97
Product27,808662828215,4777,$6007.14
Product32,610207186318,4777,$1028.03
Product14,960811442186,4808,$8750.61
Product33,982721679227,4808,$4773.06
Product33,982721679227,4809,$6411.75
Product43,170569128577,4809,$9946.76
Product12,309156910760,4810,$3029.06
Product34,681650395706,4810,$5064.15
Product33,982721679227,4843,$5016.27
Product34,681650395706,4843,$7407.9
Product26,969383468339,4856,$9798.64
Product7,619980263269,4856,$1209.6
Product18,583877270485,4859,$3494.11
Product2,426762991953,4859,$6702.49
Product24,026275464157,4868,$5577.33
Product39,577115612575,4868,$1822.28
Product40,555260290319,4869,$3161.81
Product9,401673678906,4869,$9412.09
Product30,282065256654,4877,$2149.29
Product49,625088676444,4877,$3931.9
Product10,152017009337,4915,$5067.6
Product30,282065256654,4915,$6935.83
Product26,969383468339,4940,$6965.47
Product7,619980263269,4940,$5130.42
Product4,054973295521,4957,$9816.31
Product42,439435119589,4957,$3616.83
Product28,432483932364,4959,$7224.99
Product9,401673678906,4959,$7900.67
Product12,309156910760,4970,$2641.25
Product38,787150892300,4970,$2806.09
Product18,583877270485,4976,$6083.17
Product33,982721679227,4976,$2469.9
Product42,439435119589,4976,$3414.7
Product47,994079427399,4976,$4354.87
Product26,969383468339,4977,$5499.37
Product31,022705476919,4977,$8013.79
Product25,712876788696,4988,$9430.79
Product33,982721679227,4988,$7615.93
Product44,263947759193,5005,$9736.46
Product7,619980263269,5005,$3410.85
Product23,399308656375,5018,$9259.35
Product3,576730797113,5018,$3851.54
Product28,432483932364,5020,$7210.45
Product31,022705476919,5020,$3242.76
Product28,432483932364,5029,$6146.01
Product49,625088676444,5029,$281.96
Product13,504536845436,5034,$6954.99
Product6,826830262783,5034,$233.46
Product8,483642823314,5045,$8027.45
Product18,583877270485,5047,$7598.76
Product4,054973295521,5047,$906.79
Product22,456694518796,5049,$1793.81
Product36,501698203349,5049,$9028.62
Product10,152017009337,5053,$3394.52
Product22,456694518796,5053,$9648.3
Product14,960811442186,5057,$2441.99
Product46,471710588576,5057,$4415.41
Product21,602317401174,5079,$7165.93
Product9,401673678906,5079,$8173.16
Product26,969383468339,5085,$4309.15
Product29,720630802981,5085,$9701.24
Product11,740390785655,5087,$725.08
Product13,504536845436,5087,$6850.18
Product36,501698203349,5087,$1523.98
Product46,471710588576,5087,$602.01
Product4,054973295521,5122,$9442.48
Product50,970966092558,5122,$8674.42
Product11,740390785655,5125,$6855.89
Product20,114232074142,5125,$4486.55
Product15,204925440499,5131,$1119.08
Product3,576730797113,5131,$8787.81
Product21,602317401174,5138,$8128.81
Product25,712876788696,5138,$6541.39
Product22,456694518796,5156,$8725.97
Product26,969383468339,5156,$735.54
Product3,576730797113,5156,$7064.18
Product35,271300728073,5156,$7381.87
Product12,309156910760,5158,$662.56
Product2,426762991953,5158,$8408.63
Product36,501698203349,5171,$3401.73
Product42,439435119589,5171,$4793.9
Product13,504536845436,5172,$6764.94
Product35,271300728073,5172,$3514.79
Product20,114232074142,5174,$2682.66
Product26,969383468339,5174,$7860.44
Product28,432483932364,5177,$9896.32
Product34,681650395706,5177,$1096.64
Product24,026275464157,5182,$5568.82
Product28,432483932364,5182,$8051.89
Product15,204925440499,5186,$115.01
Product39,577115612575,5186,$3347.13
Product13,504536845436,5190,$1236.14
Product45,278182441624,5190,$8069.75
Product33,982721679227,5206,$514.11
Product35,271300728073,5206,$8778.9
Product31,022705476919,5211,$8118.48
Product4,054973295521,5211,$5986.91
Product21,602317401174,5229,$3024.81
Product40,555260290319,5229,$8216.8
Product11,740390785655,5247,$9561.04
Product13,504536845436,5247,$7463.1
Product39,577115612575,5260,$7302.26
Product4,054973295521,5260,$9334.74
Product12,309156910760,5273,$2208.51
Product20,114232074142,5273,$8385.5
Product19,625705419767,5287,$6591.95
Product28,432483932364,5287,$3393.76
Product19,625705419767,5295,$3233.72
Product37,280168771200,5295,$4140.45
Product27,808662828215,5303,$3505.75
Product34,681650395706,5303,$6734.74
Product25,712876788696,5304,$9078.68
Product5,962240023270,5304,$1272.59
Product13,504536845436,5310,$3380.59
Product35,271300728073,5310,$9820.39
Product21,602317401174,5311,$5109.54
Product37,280168771200,5311,$8556.61
Product26,969383468339,5326,$3506.48
Product33,982721679227,5326,$9075.25
Product38,787150892300,5332,$7900.28
Product40,555260290319,5332,$4061.93
Product35,271300728073,5334,$9578.1
Product38,787150892300,5334,$3174.99
Product31,022705476919,5344,$7302.38
Product50,970966092558,5344,$8475.45
Product12,309156910760,5348,$98.4
Product6,826830262783,5348,$5949.32
Product10,152017009337,5349,$6932.58
Product2,426762991953,5349,$1205.77
Product3,576730797113,5362,$4373.76
Product41,961919712214,5362,$9790.96
Product22,456694518796,5372,$2400.06
Product9,401673678906,5372,$1410.22
Product24,026275464157,5375,$3998.21
Product6,826830262783,5375,$3660.86
Product33,982721679227,5386,$3205.41
Product50,970966092558,5386,$701.94
Product27,808662828215,5394,$9031.01
Product29,720630802981,5394,$1537.23
Product25,712876788696,5412,$8104.67
Product35,271300728073,5412,$175.33
Product19,625705419767,5415,$4254.57
Product5,962240023270,5415,$4068.25
Product22,456694518796,5416,$2420.32
Product50,970966092558,5416,$6557.01
Product19,625705419767,5429,$3158.02
Product30,282065256654,5429,$314.94
Product39,577115612575,5440,$4047.46
Product46,471710588576,5440,$5213.13
Product3,576730797113,5444,$9368.84
Product8,483642823314,5444,$9585.82
Product27,808662828215,5449,$757.41
Product43,170569128577,5449,$5830.21
Product14,960811442186,5467,$8161.31
Product38,787150892300,5467,$754.72
Product10,152017009337,5477,$3057.2
Product9,401673678906,5477,$5383.68
Product31,022705476919,5538,$3164.09
Product39,577115612575,5538,$5518.56
Product22,456694518796,5541,$3351.77
Product29,720630802981,5541,$337.92
Product24,026275464157,5577,$2209.5
Product34,681650395706,5577,$9219.73
Product36,501698203349,5589,$8187.38
Product46,471710588576,5589,$6267.3
Product23,399308656375,5602,$2192.92
Product49,625088676444,5602,$4462.84
Product38,787150892300,5609,$3740.57
Product5,962240023270,5609,$2356.02
Product23,399308656375,5620,$5725.41
Product6,826830262783,5620,$1067.88
Product16,067024275192,5625,$696.2
Product35,271300728073,5625,$8830.61
Product27,808662828215,5627,$3142.58
Product5,962240023270,5627,$680.97
Product19,625705419767,5630,$8046.28
Product42,439435119589,5630,$5560.11
Product22,456694518796,5640,$8926.83
Product23,399308656375,5640,$6497.9
Product31,022705476919,5642,$245.75
Product5,962240023270,5642,$3391.16
Product28,432483932364,5662,$6018.59
Product36,501698203349,5662,$8396.11
Product18,583877270485,5677,$4182.45
Product24,026275464157,5677,$1599.87
Product50,970966092558,5678,$9925.92
Product6,826830262783,5678,$5574.52
Product32,610207186318,5680,$4400.78
Product48,947877706050,5680,$3715.11
Product1,672843293577,5690,$8623.84
Product48,947877706050,5690,$4997.43
Product42,439435119589,5705,$6913.02
Product47,994079427399,5705,$3240.09
Product39,577115612575,5712,$6434.65
Product4,054973295521,5712,$9967.02
Product18,583877270485,5724,$4086.94
Product47,994079427399,5724,$3000.86
Product17,701139667440,5727,$962
Product20,114232074142,5727,$9006.5
Product40,555260290319,5734,$5537.11
Product46,471710588576,5734,$4103.74
Product42,439435119589,5749,$10280.42
Product11,740390785655,5759,$6926.13
Product14,960811442186,5759,$5880.81
Product36,501698203349,5819,$400.09
Product38,787150892300,5819,$4257.51
Product33,982721679227,5837,$364.51
Product37,280168771200,5837,$6010.27
Product30,282065256654,5860,$9042.34
Product40,555260290319,5860,$5929
Product26,969383468339,5866,$6466.67
Product33,982721679227,5866,$5108.11
Product27,808662828215,5875,$6782.55
Product33,982721679227,5875,$4165.35
Product15,204925440499,5877,$2545.06
Product24,026275464157,5877,$669.35
Product21,602317401174,5883,$4547.73
Product40,555260290319,5883,$8070.43
Product15,204925440499,5895,$1595.38
Product38,787150892300,5895,$8228.43
Product19,625705419767,5908,$7360.35
Product24,026275464157,5908,$1533.63
Product24,026275464157,5912,$7198.25
Product26,969383468339,5912,$8039.54
Product28,432483932364,5912,$1876.29
Product9,401673678906,5912,$1589.08
Product31,022705476919,5914,$9740.17
Product42,439435119589,5914,$1475.09
Product2,426762991953,5929,$8128.33
Product27,808662828215,5929,$9304.14
Product16,067024275192,5933,$6206.53
Product25,712876788696,5933,$1162.91
Product14,960811442186,5940,$9536.84
Product44,263947759193,5940,$5894.13
Product25,712876788696,5965,$4417.88
Product28,432483932364,5965,$1083.11
Product29,720630802981,5977,$4594.63
Product6,826830262783,5977,$5567.8
Product2,426762991953,5988,$6211.03
Product3,576730797113,5988,$3055.75
Product5,962240023270,5988,$1643.24
Product40,555260290319,5993,$6970.86
Product26,969383468339,6035,$2870.44
Product42,439435119589,6035,$3057.72
Product16,067024275192,6037,$117.18
Product17,701139667440,6037,$4858.86
Product38,787150892300,6037,$9532.04
Product50,970966092558,6037,$5522.1
Product13,504536845436,6048,$9932.84
Product9,401673678906,6048,$3350.24
Product25,712876788696,6058,$4826.41
Product43,170569128577,6058,$8836.77
Product13,504536845436,6066,$4261.2
Product7,619980263269,6066,$6774.3
Product14,960811442186,6076,$1913.98
Product8,483642823314,6076,$314.11
Product23,399308656375,6081,$2301.78
Product4,054973295521,6081,$9165.42
Product35,271300728073,6088,$8187.29
Product44,263947759193,6088,$9041.43
Product13,504536845436,6121,$8661.76
Product45,278182441624,6121,$5088.53
Product2,426762991953,6128,$8756.35
Product21,602317401174,6128,$1005.11
Product17,701139667440,6136,$8411.93
Product34,681650395706,6136,$3539.22
Product17,701139667440,6145,$3418.74
Product32,610207186318,6145,$6423.51
Product24,026275464157,6158,$1667.72
Product34,681650395706,6158,$1469.41
Product32,610207186318,6163,$873.6
Product49,625088676444,6163,$1433.34
Product37,280168771200,6185,$7224.14
Product38,787150892300,6185,$3226.16
Product20,114232074142,6194,$2278.73
Product7,619980263269,6194,$2469.88
Product25,712876788696,6199,$221.94
Product9,401673678906,6199,$4806.59
Product14,960811442186,6201,$3989.15
Product20,114232074142,6201,$3168.69
Product20,114232074142,6207,$2350.6
Product42,439435119589,6207,$8768.59
Product34,681650395706,6213,$687.84
Product42,439435119589,6213,$9941.06
Product25,712876788696,6237,$6164.2
Product46,471710588576,6237,$9641.19
Product2,426762991953,6239,$350.9
Product7,619980263269,6239,$2744.33
Product37,280168771200,6255,$5222.83
Product5,962240023270,6255,$1041.39
Product45,278182441624,6262,$6027.69
Product5,962240023270,6262,$9591.01
Product37,280168771200,6264,$3495.94
Product41,961919712214,6264,$4083.44
Product1,672843293577,6295,$7170.11
Product27,808662828215,6295,$9115.27
Product37,280168771200,6320,$7707.88
Product5,962240023270,6320,$3228.96
Product11,740390785655,6322,$2694.8
Product3,576730797113,6322,$1473.23
Product28,432483932364,6326,$3024.59
Product50,970966092558,6326,$5046.49
Product28,432483932364,6327,$7917.85
Product34,681650395706,6327,$4055.68
Product27,808662828215,6355,$6083.69
Product43,170569128577,6355,$3255.68
Product14,960811442186,6364,$839.59
Product20,114232074142,6364,$7334.36
Product32,610207186318,6369,$1147.02
Product9,401673678906,6369,$8962.41
Product34,681650395706,6373,$353.52
Product44,263947759193,6373,$3342.05
Product15,204925440499,6376,$6995.65
Product3,576730797113,6376,$8821.12
Product16,067024275192,6404,$4512.98
Product41,961919712214,6404,$632.78
Product3,576730797113,6419,$7808.37
Product50,970966092558,6419,$1969.84
Product42,439435119589,6420,$5672.38
Product44,263947759193,6420,$1583.87
Product4,054973295521,6434,$8848.41
Product9,401673678906,6434,$9866.68
Product40,555260290319,6435,$358.35
Product5,962240023270,6435,$6746.15
Product36,501698203349,6468,$1853.99
Product37,280168771200,6468,$4429.02
Product33,982721679227,6478,$1233.33
Product35,271300728073,6478,$6317.55
Product17,701139667440,6490,$2416.77
Product20,114232074142,6490,$1472.01
Product21,602317401174,6506,$580.38
Product31,022705476919,6506,$6254.54
Product22,456694518796,6512,$4602.88
Product37,280168771200,6512,$7818.14
Product28,432483932364,6514,$5925.54
Product9,401673678906,6514,$899.84
Product19,625705419767,6518,$5028.61
Product28,432483932364,6518,$6187.01
Product11,740390785655,6519,$9242.5
Product42,439435119589,6519,$9690.71
Product44,263947759193,6563,$8853.56
Product50,970966092558,6563,$2369.14
Product34,681650395706,6576,$4840.77
Product43,170569128577,6576,$7879.25
Product46,471710588576,6584,$9412.85
Product47,994079427399,6584,$3625.88
Product39,577115612575,6605,$7299.23
Product46,471710588576,6605,$6122.66
Product13,504536845436,6607,$8870.47
Product43,170569128577,6607,$4817.07
Product23,399308656375,6610,$9065.51
Product40,555260290319,6610,$7773.55
Product13,504536845436,6621,$430.44
Product7,619980263269,6621,$7952.35
Product29,720630802981,6634,$6967.43
Product41,961919712214,6634,$6841.17
Product21,602317401174,6636,$2854.71
Product24,026275464157,6636,$1226.82
Product39,577115612575,6637,$9104.21
Product42,439435119589,6637,$3279.98
Product17,701139667440,6639,$6033.39
Product21,602317401174,6639,$365.94
Product36,501698203349,6639,$1227.03
Product2,426762991953,6651,$5191.79
Product4,054973295521,6651,$9559.39
Product3,576730797113,6661,$9092.68
Product50,970966092558,6661,$4388.69
Product46,471710588576,6662,$7493.03
Product6,826830262783,6662,$9726.37
Product19,625705419767,6671,$8178.97
Product3,576730797113,6671,$6386.39
Product13,504536845436,6673,$6019.98
Product5,962240023270,6673,$3926.71
Product4,054973295521,6685,$9247.83
Product9,401673678906,6685,$1985.4
Product37,280168771200,6733,$2062.27
Product42,439435119589,6733,$8587.1
Product17,701139667440,6745,$9206.16
Product45,278182441624,6745,$9870.51
Product14,960811442186,6756,$9378.39
Product22,456694518796,6756,$3278.98
Product2,426762991953,6774,$6496.79
Product25,712876788696,6774,$4048.27
Product32,610207186318,6774,$5085.22
Product5,962240023270,6774,$1162.87
Product20,114232074142,6776,$676.83
Product48,947877706050,6776,$7573.83
Product13,504536845436,6778,$9799.89
Product22,456694518796,6778,$8352.29
Product21,602317401174,6781,$7931.19
Product40,555260290319,6781,$1842.17
Product10,152017009337,6796,$1651.62
Product40,555260290319,6796,$6721.27
Product31,022705476919,6821,$8786.54
Product9,401673678906,6821,$3435.19
Product22,456694518796,6829,$6943.33
Product41,961919712214,6829,$2981.18
Product30,282065256654,6843,$3558.71
Product6,826830262783,6843,$3115.81
Product18,583877270485,6852,$3739.88
Product38,787150892300,6852,$6660.69
Product1,672843293577,6857,$990.07
Product11,740390785655,6857,$2192.04
Product22,456694518796,6865,$1658.55
Product40,555260290319,6865,$6496.75
Product11,740390785655,6881,$6693.97
Product29,720630802981,6881,$625.92
Product17,701139667440,6914,$4583.25
Product23,399308656375,6914,$3024.3
Product35,271300728073,6914,$1318.35
Product50,970966092558,6914,$4302
Product10,152017009337,6925,$9245.66
Product15,204925440499,6925,$430.6
Product15,204925440499,6932,$8345.56
Product41,961919712214,6932,$5412.97
Product27,808662828215,6934,$6646.03
Product34,681650395706,6934,$5894.7
Product38,787150892300,6942,$7503.58
Product50,970966092558,6942,$6321.96
Product13,504536845436,6992,$5163.87
Product14,960811442186,7003,$6778.81
Product48,947877706050,7003,$8333.88
Product13,504536845436,7009,$3241.32
Product39,577115612575,7009,$5051.84
Product10,152017009337,7011,$797.28
Product23,399308656375,7011,$537.72
Product15,204925440499,7022,$9902.53
Product28,432483932364,7022,$7451.32
Product42,439435119589,7022,$4196.22
Product8,483642823314,7022,$4681.43
Product14,960811442186,7024,$9530.3
Product2,426762991953,7024,$6797.18
Product31,022705476919,7075,$7582.61
Product49,625088676444,7075,$6498.57
Product31,022705476919,7086,$3621.72
Product41,961919712214,7086,$5522.83
Product10,152017009337,7094,$9889.98
Product15,204925440499,7094,$7058.31
Product2,426762991953,7109,$5244.9
Product24,026275464157,7109,$8970.28
Product47,994079427399,7132,$7660.79
Product49,625088676444,7132,$9603.86
Product20,114232074142,7145,$9074.89
Product43,170569128577,7145,$4174.47
Product11,740390785655,7150,$8787.09
Product9,401673678906,7150,$4428.7
Product25,712876788696,7158,$8925.33
Product5,962240023270,7158,$1179.93
Product32,610207186318,7188,$9009.01
Product5,962240023270,7188,$4375.65
Product44,263947759193,7213,$9088.05
Product49,625088676444,7213,$2337.7
Product18,583877270485,7226,$1018.13
Product30,282065256654,7226,$3018.19
Product46,471710588576,7226,$2700.26
Product5,962240023270,7226,$8539.5
Product32,610207186318,7233,$8925.8
Product47,994079427399,7233,$1295.93
Product18,583877270485,7248,$7700
Product21,602317401174,7248,$1044.23
Product31,022705476919,7256,$2643.62
Product40,555260290319,7256,$9795.29
Product32,610207186318,7258,$678.1
Product5,962240023270,7258,$3795.36
Product1,672843293577,7270,$8505.42
Product44,263947759193,7270,$8641.27
Product24,026275464157,7278,$7455.02
Product8,483642823314,7278,$1562.69
Product27,808662828215,7288,$5369.76
Product35,271300728073,7288,$1605.62
Product19,625705419767,7289,$4573.98
Product35,271300728073,7289,$2567.18
Product1,672843293577,7301,$1117.41
Product12,309156910760,7301,$9472.68
Product21,602317401174,7301,$2798.97
Product5,962240023270,7301,$6537.87
Product41,961919712214,7304,$6580.02
Product5,962240023270,7304,$1028.38
Product40,555260290319,7309,$4967.01
Product49,625088676444,7309,$7687.2
Product22,456694518796,7324,$361.65
Product3,576730797113,7324,$4031.22
Product11,740390785655,7328,$644.37
Product26,969383468339,7328,$234.41
Product26,969383468339,7354,$7228.4
Product29,720630802981,7354,$4147.27
Product10,152017009337,7355,$110.31
Product6,826830262783,7355,$9632.71
Product14,960811442186,7361,$2274.37
Product49,625088676444,7361,$9166.86
Product20,114232074142,7389,$7962.22
Product9,401673678906,7389,$7409.66
Product3,576730797113,7397,$8447.84
Product7,619980263269,7397,$9456.64
Product23,399308656375,7416,$6810.64
Product6,826830262783,7416,$3946.51
Product29,720630802981,7418,$2110.29
Product38,787150892300,7418,$4994.96
Product39,577115612575,7419,$5451.1
Product43,170569128577,7419,$3473.76
Product24,026275464157,7426,$9570.82
Product48,947877706050,7426,$959.29
Product10,152017009337,7427,$5402.15
Product30,282065256654,7427,$316.36
Product14,960811442186,7440,$6869.86
Product17,701139667440,7454,$9425.31
Product43,170569128577,7454,$6508.67
Product12,309156910760,7456,$788.96
Product15,204925440499,7456,$4604.92
Product37,280168771200,7465,$5014.01
Product46,471710588576,7465,$9109.89
Product22,456694518796,7490,$1359.47
Product29,720630802981,7490,$3961.71
Product32,610207186318,7495,$2023.63
Product41,961919712214,7495,$2297.55
Product30,282065256654,7512,$7044.19
Product39,577115612575,7512,$9271.71
Product22,456694518796,7525,$1655.09
Product39,577115612575,7525,$2151.1
Product37,280168771200,7535,$4664.35
Product50,970966092558,7535,$8095.02
Product2,426762991953,7536,$6574.83
Product6,826830262783,7536,$5658.49
Product17,701139667440,7577,$4756.32
Product6,826830262783,7577,$9449.39
Product12,309156910760,7596,$251.01
Product14,960811442186,7596,$3482.44
Product34,681650395706,7609,$4272.97
Product35,271300728073,7609,$9276.16
Product21,602317401174,7653,$2152.29
Product47,994079427399,7653,$8598.41
Product10,152017009337,7654,$5850.27
Product21,602317401174,7654,$9578.13
Product30,282065256654,7661,$5659.28
Product40,555260290319,7661,$8349.9
Product24,026275464157,7677,$7952.8
Product49,625088676444,7677,$7547.97
Product1,672843293577,7681,$1451.71
Product18,583877270485,7681,$1389.24
Product32,610207186318,7681,$8216.41
Product47,994079427399,7681,$8633.85
Product18,583877270485,7689,$2745.22
Product6,826830262783,7689,$4782.61
Product22,456694518796,7698,$1624.17
Product43,170569128577,7698,$5774.66
Product33,982721679227,7704,$2616.66
Product4,054973295521,7704,$5271.03
Product1,672843293577,7714,$341.66
Product18,583877270485,7714,$1851.87
Product13,504536845436,7716,$1604.34
Product16,067024275192,7716,$6461.61
Product12,309156910760,7728,$8706.44
Product44,263947759193,7728,$3094.99
Product2,426762991953,7733,$5235.94
Product32,610207186318,7733,$9531.43
Product30,282065256654,7745,$3659.85
Product31,022705476919,7745,$6459.61
Product1,672843293577,7750,$7837.5
Product16,067024275192,7750,$4301.05
Product25,712876788696,7775,$4280.18
Product49,625088676444,7775,$9395.58
Product4,054973295521,7784,$3501.3
Product48,947877706050,7784,$7493.93
Product20,114232074142,7791,$3050.16
Product7,619980263269,7791,$3737.27
Product34,681650395706,7844,$216.31
Product46,471710588576,7844,$2318.66
Product23,399308656375,7855,$3339.84
Product7,619980263269,7855,$2731.95
Product23,399308656375,7868,$4297.18
Product42,439435119589,7868,$6734.53
Product10,152017009337,7873,$7335.51
Product27,808662828215,7873,$6399.09
Product20,114232074142,7884,$3658
Product5,962240023270,7884,$2898.15
Product30,282065256654,7886,$2740.99
Product32,610207186318,7886,$4694.06
Product1,672843293577,7891,$207.41
Product33,982721679227,7891,$516.96
Product14,960811442186,7899,$2167.32
Product29,720630802981,7899,$7178.56
Product2,426762991953,7908,$2574.8
Product21,602317401174,7908,$5097.92
Product32,610207186318,7915,$1687.63
Product44,263947759193,7915,$4264.9
Product16,067024275192,7954,$4720.66
Product41,961919712214,7954,$4642.72
Product1,672843293577,7959,$5282.99
Product2,426762991953,7959,$226.77
Product25,712876788696,7969,$9429.37
Product39,577115612575,7969,$6882.24
Product15,204925440499,7980,$1314.16
Product21,602317401174,7980,$4695.38
Product2,426762991953,7982,$1586.05
Product4,054973295521,7982,$2113.51
Product42,439435119589,7986,$6089.3
Product49,625088676444,7986,$7800.69
Product1,672843293577,7987,$6255.77
Product3,576730797113,7987,$6268.63
Product41,961919712214,7987,$5012.87
Product8,483642823314,7987,$4521.69
Product35,271300728073,7993,$8809.03
Product47,994079427399,7993,$4428.12
Product14,960811442186,7994,$4475.2
Product37,280168771200,7994,$1404.7
Product1,672843293577,8004,$2825.53
Product13,504536845436,8004,$9924.44
Product23,399308656375,8011,$9868.98
Product32,610207186318,8011,$4090.18
Product10,152017009337,8020,$8958.62
Product40,555260290319,8020,$3961.77
Product39,577115612575,8031,$775.4
Product44,263947759193,8031,$99.11
Product23,399308656375,8042,$902.9
Product39,577115612575,8042,$8250.07
Product27,808662828215,8066,$1904.3
Product8,483642823314,8066,$3182.31
Product19,625705419767,8073,$7349.48
Product26,969383468339,8073,$4507.57
Product34,681650395706,8077,$14294.79
Product26,969383468339,8084,$3571.84
Product43,170569128577,8084,$5989.18
Product2,426762991953,8099,$2980.76
Product7,619980263269,8099,$2816.68
Product22,456694518796,8103,$4568
Product47,994079427399,8103,$4940.12
Product13,504536845436,8108,$7724.92
Product38,787150892300,8108,$9133.06
Product19,625705419767,8125,$5560.56
Product18,583877270485,8132,$1906.04
Product27,808662828215,8132,$9253
Product17,701139667440,8141,$6696.59
Product19,625705419767,8141,$5090.75
Product10,152017009337,8147,$2028.38
Product36,501698203349,8147,$5297.16
Product12,309156910760,8153,$6517.05
Product39,577115612575,8153,$5466.35
Product1,672843293577,8155,$2560.12
Product15,204925440499,8155,$8697.16
Product22,456694518796,8155,$6872.61
Product24,026275464157,8155,$5690.08
Product23,399308656375,8192,$920.51
Product38,787150892300,8192,$2355.93
Product40,555260290319,8193,$4911.16
Product9,401673678906,8193,$3047.54
Product39,577115612575,8195,$9683.88
Product49,625088676444,8195,$4219.46
Product20,114232074142,8219,$8338.74
Product36,501698203349,8219,$6649.31
Product22,456694518796,8241,$2533.47
Product42,439435119589,8241,$1299.22
Product48,947877706050,8243,$5625.75
Product7,619980263269,8243,$8394.12
Product21,602317401174,8246,$16729.02
Product26,969383468339,8264,$9058.34
Product33,982721679227,8264,$6648.18
Product2,426762991953,8275,$8266.34
Product22,456694518796,8275,$1704.87
Product23,399308656375,8299,$10208.11
Product49,625088676444,8299,$5450.37
Product5,962240023270,8299,$3294.85
Product1,672843293577,8303,$5427.32
Product27,808662828215,8303,$3011.97
Product16,067024275192,8308,$3399.33
Product27,808662828215,8308,$8171.98
Product15,204925440499,8315,$9172.61
Product34,681650395706,8315,$2052.91
Product17,701139667440,8317,$3983.94
Product29,720630802981,8317,$1152.93
Product37,280168771200,8333,$8735.13
Product42,439435119589,8333,$1154.69
Product19,625705419767,8339,$4997.33
Product28,432483932364,8339,$304.19
Product13,504536845436,8353,$1017.95
Product17,701139667440,8353,$7820.28
Product34,681650395706,8353,$671.81
Product46,471710588576,8353,$7793.68
Product20,114232074142,8354,$1954.58
Product50,970966092558,8354,$1329.14
Product35,271300728073,8356,$2300.69
Product4,054973295521,8356,$9383.79
Product44,263947759193,8356,$9188.14
Product46,471710588576,8356,$1522.3
Product27,808662828215,8357,$6950.93
Product45,278182441624,8357,$142.9
Product33,982721679227,8364,$6729.74
Product45,278182441624,8364,$9303.59
Product14,960811442186,8379,$4925.37
Product49,625088676444,8379,$9951.19
Product21,602317401174,8385,$7758.86
Product35,271300728073,8385,$930.32
Product23,399308656375,8394,$3618.58
Product27,808662828215,8397,$8741.81
Product3,576730797113,8397,$317.03
Product26,969383468339,8398,$1306.89
Product46,471710588576,8398,$3053.46
Product49,625088676444,8398,$2417.62
Product9,401673678906,8398,$3846.55
Product17,701139667440,8418,$764.42
Product40,555260290319,8418,$1888.39
Product28,432483932364,8432,$1351.84
Product36,501698203349,8432,$8930.14
Product47,994079427399,8434,$2750.76
Product5,962240023270,8434,$6771.96
Product47,994079427399,8444,$3319.56
Product50,970966092558,8444,$1279.02
Product14,960811442186,8446,$4967.26
Product29,720630802981,8446,$3071.95
Product50,970966092558,8452,$4913.38
Product6,826830262783,8452,$7457.37
Product19,625705419767,8469,$1181.9
Product2,426762991953,8469,$2.16
Product11,740390785655,8478,$8169.97
Product48,947877706050,8478,$7686.73
Product25,712876788696,8505,$3335.93
Product32,610207186318,8505,$1406.91
Product23,399308656375,8530,$8983.1
Product36,501698203349,8530,$5230.39
Product1,672843293577,8532,$5824.9
Product21,602317401174,8532,$9071.03
Product19,625705419767,8537,$1420.97
Product42,439435119589,8537,$7165.75
Product23,399308656375,8569,$693.27
Product36,501698203349,8569,$795.3
Product28,432483932364,8597,$8711.46
Product35,271300728073,8597,$1607.02
Product50,970966092558,8597,$5962.38
Product8,483642823314,8597,$2922.51
Product18,583877270485,8625,$4728.89
Product2,426762991953,8625,$5359.37
Product22,456694518796,8632,$9518.34
Product7,619980263269,8632,$172.64
Product18,583877270485,8641,$6248.26
Product42,439435119589,8641,$4246.98
Product15,204925440499,8642,$5282.72
Product39,577115612575,8642,$5644.11
Product10,152017009337,8646,$5870.45
Product43,170569128577,8646,$1822.81
Product14,960811442186,8649,$5879.85
Product19,625705419767,8649,$7407.32
Product15,204925440499,8659,$8991.39
Product25,712876788696,8659,$9030.94
Product14,960811442186,8663,$2861.26
Product18,583877270485,8663,$942.04
Product16,067024275192,8669,$646.46
Product36,501698203349,8669,$5198.54
Product35,271300728073,8685,$5822.1
Product49,625088676444,8685,$5968.25
Product27,808662828215,8690,$8087.63
Product45,278182441624,8690,$2484.26
Product24,026275464157,8694,$7130.45
Product38,787150892300,8694,$4831.35
Product5,962240023270,8699,$7554.35
Product9,401673678906,8699,$193.52
Product12,309156910760,8712,$3144.6
Product36,501698203349,8712,$4468.62
Product40,555260290319,8713,$9725.24
Product8,483642823314,8713,$828.05
Product13,504536845436,8726,$4645.56
Product15,204925440499,8726,$3988.26
Product49,625088676444,8727,$4800.41
Product5,962240023270,8727,$9328.22
Product2,426762991953,8747,$3139.01
Product37,280168771200,8747,$6575.07
Product15,204925440499,8759,$9222.89
Product6,826830262783,8759,$2368.92
Product17,701139667440,8786,$1510.53
Product33,982721679227,8786,$7319.92
Product14,960811442186,8793,$5966.47
Product35,271300728073,8793,$9634.23
Product10,152017009337,8805,$1628.4
Product17,701139667440,8805,$66.35
Product28,432483932364,8805,$8733.71
Product38,787150892300,8805,$7086.62
Product12,309156910760,8823,$4780.34
Product22,456694518796,8823,$3248.17
Product8,483642823314,8823,$4112.44
Product31,022705476919,8842,$4055.2
Product50,970966092558,8842,$3550.07
Product20,114232074142,8844,$4789.49
Product48,947877706050,8844,$4537.16
Product17,701139667440,8870,$3950.2
Product7,619980263269,8870,$3460.55
Product2,426762991953,8878,$646.7
Product45,278182441624,8878,$151.86
Product40,555260290319,8902,$7551.86
Product44,263947759193,8902,$2361.59
Product16,067024275192,8908,$7979.05
Product19,625705419767,8908,$977.98
Product24,026275464157,8916,$9658.92
Product49,625088676444,8916,$4071.7
Product37,280168771200,8936,$2862.84
Product43,170569128577,8936,$3234.84
Product1,672843293577,8940,$772.87
Product30,282065256654,8940,$2501.53
Product1,672843293577,8956,$9043.96
Product22,456694518796,8956,$8594.46
Product1,672843293577,8966,$3444.38
Product21,602317401174,8966,$7159.8
Product45,278182441624,8971,$9486.86
Product49,625088676444,8971,$714.5
Product27,808662828215,8983,$6307.45
Product33,982721679227,8983,$9395.27
Product2,426762991953,8984,$3825.22
Product49,625088676444,8984,$8819.69
Product27,808662828215,8987,$3013.31
Product31,022705476919,8987,$973.86
Product12,309156910760,8988,$2572.41
Product40,555260290319,8988,$8333.93
Product39,577115612575,8989,$5297.52
Product9,401673678906,8989,$3423.06
Product15,204925440499,9001,$7511.86
Product4,054973295521,9001,$4981.47
Product34,681650395706,9006,$3386.5
Product5,962240023270,9006,$9150
Product39,577115612575,9010,$4385.84
Product8,483642823314,9010,$8602.02
Product19,625705419767,9018,$2082.76
Product41,961919712214,9018,$9437.43
Product31,022705476919,9020,$3709.56
Product45,278182441624,9020,$6115.11
Product24,026275464157,9024,$2484.07
Product50,970966092558,9024,$5183.48
Product37,280168771200,9025,$5326.06
Product6,826830262783,9025,$3228.98
Product14,960811442186,9029,$3738.63
Product39,577115612575,9029,$8816.3
Product34,681650395706,9035,$7203.38
Product47,994079427399,9035,$4134.58
Product33,982721679227,9036,$376.77
Product34,681650395706,9036,$7392.14
Product19,625705419767,9037,$5451.01
Product3,576730797113,9037,$589.45
Product10,152017009337,9040,$5942.67
Product4,054973295521,9040,$148.71
Product10,152017009337,9043,$2277.02
Product19,625705419767,9043,$5142.94
Product20,114232074142,9057,$5977.54
Product37,280168771200,9057,$8699.12
Product5,962240023270,9062,$8634.9
Product6,826830262783,9062,$3092.54
Product13,504536845436,9089,$6023.24
Product32,610207186318,9089,$7232.84
Product26,969383468339,9090,$7465.99
Product41,961919712214,9090,$8755.64
Product20,114232074142,9099,$1507
Product25,712876788696,9099,$1559.81
Product21,602317401174,9102,$9857.64
Product8,483642823314,9102,$7651.06
Product31,022705476919,9135,$3694.06
Product46,471710588576,9135,$7585.96
Product1,672843293577,9138,$6205.62
Product50,970966092558,9138,$4878.27
Product11,740390785655,9143,$1068.81
Product34,681650395706,9143,$2726.43
Product39,577115612575,9159,$4414.44
Product5,962240023270,9159,$2389.13
Product17,701139667440,9174,$790.31
Product38,787150892300,9174,$3833.39
Product18,583877270485,9177,$552.92
Product6,826830262783,9177,$4935.55
Product21,602317401174,9200,$5198.42
Product28,432483932364,9200,$9419.17
Product18,583877270485,9211,$346.8
Product34,681650395706,9211,$157.34
Product10,152017009337,9219,$6760.11
Product2,426762991953,9219,$3556.37
Product11,740390785655,9235,$1949.09
Product17,701139667440,9235,$1381.29
Product33,982721679227,9235,$9062.23
Product6,826830262783,9235,$670.17
Product42,439435119589,9254,$2275.99
Product47,994079427399,9254,$4023.18
Product32,610207186318,9265,$7590.71
Product44,263947759193,9265,$2449.65
Product10,152017009337,9271,$4917.96
Product11,740390785655,9271,$3746.19
Product15,204925440499,9271,$9220.53
Product32,610207186318,9271,$4219.26
Product44,263947759193,9271,$6152.13
Product49,625088676444,9271,$1814.8
Product34,681650395706,9282,$623.51
Product38,787150892300,9282,$9851.02
Product14,960811442186,9292,$7313.84
Product30,282065256654,9292,$3686.62
Product22,456694518796,9299,$4932.82
Product44,263947759193,9299,$6770.75
Product16,067024275192,9325,$4806.62
Product31,022705476919,9325,$4049.95
Product2,426762991953,9327,$822.6
Product24,026275464157,9327,$8714.13
Product12,309156910760,9341,$6240.09
Product3,576730797113,9341,$1291.83
Product15,204925440499,9366,$5432.24
Product33,982721679227,9366,$6615.65
Product37,280168771200,9375,$7461.96
Product50,970966092558,9375,$1941.61
Product29,720630802981,9376,$928.98
Product32,610207186318,9376,$6280.17
Product23,399308656375,9411,$4321.09
Product8,483642823314,9411,$6097.8
Product3,576730797113,9420,$5653.57
Product6,826830262783,9420,$5221.66
Product38,787150892300,9426,$3690.66
Product42,439435119589,9426,$3051.49
Product47,994079427399,9430,$7326.64
Product7,619980263269,9430,$3747.97
Product21,602317401174,9444,$4146.12
Product44,263947759193,9444,$8723.24
Product32,610207186318,9469,$2482.59
Product46,471710588576,9469,$8735.76
Product22,456694518796,9513,$8682.81
Product44,263947759193,9513,$17.62
Product37,280168771200,9524,$6077.02
Product5,962240023270,9524,$9149.39
Product16,067024275192,9538,$1060.65
Product21,602317401174,9538,$601.94
Product19,625705419767,9547,$7755.15
Product32,610207186318,9547,$6896.73
Product30,282065256654,9570,$2741.14
Product42,439435119589,9570,$8181.46
Product18,583877270485,9613,$2741.35
Product8,483642823314,9613,$2774.18
Product27,808662828215,9666,$3251.31
Product32,610207186318,9666,$4219.64
Product17,701139667440,9672,$2823.53
Product24,026275464157,9672,$4839.91
Product38,787150892300,9693,$5652.52
Product39,577115612575,9693,$7981.82
Product48,947877706050,9701,$4376.32
Product7,619980263269,9701,$9345.57
Product18,583877270485,9703,$7855.94
Product37,280168771200,9703,$6841.29
Product14,960811442186,9710,$1724.66
Product35,271300728073,9710,$4647.14
Product45,278182441624,9712,$7994.36
Product46,471710588576,9712,$1753.96
Product28,432483932364,9716,$2553.82
Product5,962240023270,9716,$5275.9
Product31,022705476919,9752,$6102.72
Product7,619980263269,9752,$2456.32
Product19,625705419767,9754,$123.65
Product29,720630802981,9754,$4636.08
Product12,309156910760,9761,$6836.57
Product26,969383468339,9761,$2877.68
Product23,399308656375,9771,$4006.15
Product32,610207186318,9771,$6969
Product31,022705476919,9780,$7840.3
Product32,610207186318,9780,$3054.47
Product21,602317401174,9782,$3784.91
Product31,022705476919,9782,$2103.22
Product41,961919712214,9782,$6388.94
Product50,970966092558,9782,$6554.72
Product32,610207186318,9791,$5529.01
Product6,826830262783,9791,$6804.66
Product17,701139667440,9799,$8089.68
Product5,962240023270,9799,$8095.54
Product16,067024275192,9807,$3626.85
Product20,114232074142,9807,$5095.42
Product31,022705476919,9809,$4442.21
Product49,625088676444,9809,$8649.49
Product15,204925440499,9817,$8513.06
Product45,278182441624,9817,$8225.59
Product15,204925440499,9844,$575.9
Product41,961919712214,9844,$8909.57
Product29,720630802981,9848,$839.15
Product48,947877706050,9848,$5738.3
Product11,740390785655,9854,$9123.36
Product4,054973295521,9854,$8193.76
Product11,740390785655,9874,$6399.38
Product5,962240023270,9874,$9625.3
Product14,960811442186,9910,$7809.54
Product36,501698203349,9910,$6985.73
Product27,808662828215,9913,$3591.38
Product44,263947759193,9913,$803.25
Product14,960811442186,9971,$4731.22
Product16,067024275192,9971,$6951.74
Product25,712876788696,9976,$3640.26
Product6,826830262783,9976,$1672.93
Product26,969383468339,9982,$7827.39
Product39,577115612575,9982,$3832.84
Product37,280168771200,9983,$2691.13
Product43,170569128577,9983,$6867.5
Product13,504536845436,9985,$6337.1
Product40,555260290319,9985,$5707.01
Product10,152017009337,9994,$3612.08
Product14,960811442186,9994,$3546.55
